date,PM25,PM10,wind_dir,wind_speed,fire_count,co,no,no2,o3,so2,nh3
2020-06-02,10.0,20.0,148.54386270550455,5.819801399203042,4,1509.4862962718398,1.2355961906011959,23.399934408752646,28.882300704425322,6.314603947741513,3.3347498284109958
2020-10-06,10.0,20.0,250.42253273885046,2.4003740469479107,14,5000.0,2.8536832263082808,19.51016308342749,5.454134402825113,6.063463043001579,1.5
2020-05-24,10.0,20.0,1.1585748975403254,0.3502814449227887,2,1261.286149420353,0.9913095878343235,22.590924135805263,4.531775842810468,6.337834219143142,1.6735469447418176
2020-10-27,10.0,20.0,223.05216148554265,11.343204209252653,13,2969.408978663283,3.799639728242061,13.227456986724805,36.19570004336914,8.276816254286537,4.028121241924026
2020-10-11,10.0,20.0,127.97748375888867,6.8778451332283606,10,500.0,0.19922258954058722,150.0,2.1334779030385858,6.4524435316696085,4.927040739818165
2020-02-23,18.367156969179486,20.0,285.91103925975034,4.338671579589818,3,1284.0333267088158,1.198340043144023,59.626059601458834,2.397467293989783,15.004085169036621,3.5771583162031644
2020-05-06,21.228210828643437,20.0,33.476630336327574,13.50124774524721,6,500.0,0.5282520189558765,10.0,2.4689172029014785,17.46796646639024,17.161586059815335
2020-05-05,14.205571706348776,20.0,211.7528161014206,1.7420844030078841,6,500.0,3.330117277492578,24.198592490981873,6.904190998483807,5.0,20.683041473756813
2020-05-03,10.0,32.74933764540705,173.15024035900456,14.338782434329788,5,523.547935022085,12.081448125533058,12.349246951775218,11.37743069677456,43.426303372292665,3.6473162212407155
2020-10-21,10.0,22.72145896169507,231.23718932588187,4.709500760660292,12,3611.575325561757,7.163575878490033,10.0,15.481959891381251,5.0,25.119563362186046
2020-06-11,79.38658533133534,20.0,23.347294013868606,13.326055084630218,3,2835.61983420888,0.1,10.0,96.7369382371392,5.0,6.883957055043524
2020-05-27,20.379565195151933,20.0,208.79416347412726,9.044143147191923,1,1398.2891352618287,58.15457079446945,28.38251687484456,1.0,17.828139349197674,4.842384029015122
2020-11-20,10.0,20.0,202.13445166542854,12.400610396122312,12,500.0,4.233037882948035,11.645220192822347,13.581866930094408,5.379480808849989,19.951774697351183
2020-10-27,35.946732250265676,20.0,201.83763398982154,14.760197448156964,11,901.1929166444784,0.8481067974427127,43.56529378317619,4.232824189759147,16.798531481236036,7.331407862382831
2020-02-02,10.0,74.58803638202322,217.25555997472372,4.326081567281186,4,1482.8185909071276,3.4407582839903172,44.47938269670002,4.110665144714946,5.0,52.95134179488194
2020-06-25,10.0,20.0,243.5284574014904,14.417032281113894,2,1307.0607977663917,3.5405593875858825,60.287905300604095,3.9758074984765517,49.031156426388534,1.0
2020-11-06,29.836483879268098,20.0,289.7960398850771,5.842228423536305,10,500.0,0.9997269618543554,10.156263280429918,2.9779356607971925,23.86214729072065,3.622846450676782
2020-11-14,10.0,24.081528163281348,97.13545924615717,5.782678571053835,12,500.0,3.657848017077946,29.379362984101398,39.826193923898416,5.0,5.775601644016094
2020-02-05,10.0,20.0,297.0177876648223,5.105806563817586,4,1028.5673964789942,1.0928528477035861,33.313521756274596,17.15513124832043,5.0,7.593884319504491
2020-06-17,18.940160807012813,36.198221282601175,179.3720456148433,8.121114110213778,1,1874.8630758360428,1.4820955685042578,13.74475724207203,7.562455798832313,64.86225737602432,20.523130856640027
2020-10-25,10.0,20.0,27.74098048835922,2.3121756476773063,10,500.0,0.9710098140030933,10.832841873177628,28.531700075224116,5.827686509641103,6.528562801591819
2020-01-17,10.0,31.50497503559953,21.07833452783251,8.305672280370167,4,932.5064090965496,0.3169513665780309,72.79276239583707,1.6281933643550597,5.28998362957635,1.0
2020-06-24,10.0,20.0,120.32579473058189,8.12557218615006,2,1265.2800624248105,3.382972312032704,24.094815685842153,1.9528598123922805,5.0,12.317446545984707
2020-02-03,10.0,45.480252771668155,282.5629117601283,11.42852718907305,3,2564.73897556993,6.540078410527357,33.40729203549582,1.0,8.578180211122588,11.088965550958108
2020-11-18,10.0,20.0,254.76513650672968,12.504749429063784,13,2192.6312469586665,5.884521294743428,10.405548677316828,3.6714455225666875,9.701498762428784,1.5
2020-10-28,10.0,108.04059370873001,283.9013872820663,6.60662025468636,10,1963.6717053538791,9.298823427213138,10.0,8.685878332507304,24.915574672002254,6.6919154442943745
2020-06-21,10.0,20.0,186.21686031897937,4.534998740272406,2,500.0,4.421638439282068,12.736096173774483,8.189546942283322,5.0,1.0
2020-01-25,10.0,20.0,158.4716392639766,3.890023459756417,2,500.0,1.222516883217811,18.188379298784792,8.579210655376256,5.0,2.018629231911315
2020-01-13,10.0,20.0,53.08290961426222,2.919357550573079,2,740.2198546409186,9.57825855897898,10.0,1.8020829114728385,19.124354638985547,1.5168400973291336
2020-05-19,10.0,20.0,118.14939129935216,0.8647137329853732,4,2985.826360517611,0.3547732912298428,19.92796761941397,16.49660731701826,33.33907295766203,11.835667452750991
2020-05-04,10.0,22.616654232821435,156.2469718225951,5.1367196825207,2,4418.053650504775,0.7039787740549764,10.0,9.389833094410156,5.0,5.156181102161919
2020-02-02,14.652957636762391,37.68734785783298,31.896154684662203,4.053715381961749,2,2231.767390395613,0.6399916771699908,10.0,15.379789562874809,35.927897623823775,1.0
2020-06-02,10.91625834260901,236.27830098318577,79.42030297603606,14.49626078799611,3,1684.6966936271567,13.7368786529043,34.35436203833027,1.1131989666618367,12.64854060705254,12.885197289472544
2020-06-20,10.0,20.0,215.36110586294598,8.365632393750658,2,1603.012015774623,11.180629490662824,32.55830285709659,10.089455401219274,36.29954980307113,1.0
2020-11-12,10.0,20.0,264.83872112610834,5.209155585457613,10,628.842767478048,5.64605942861932,14.680184448079482,2.2529371390956765,11.356379295276726,9.990170470942672
2020-11-06,10.0,25.876255195429213,359.40510410146186,8.70701401490544,10,962.8905079713019,13.570452213820097,10.0,4.96630820132443,5.0,2.5310957328239896
2020-11-13,10.0,20.0,335.92079928368076,2.0879505201854327,13,5000.0,0.7269306677391086,10.0,12.608420679505057,10.464960879663591,4.334700890286796
2020-05-04,10.0,21.418978783157268,231.32347183266896,6.660656238033043,4,500.0,4.585470326291981,14.900360439763032,8.093761714546929,35.16825463306951,8.208128121458381
2020-06-02,12.53239146243862,20.0,151.6492991858659,9.393514821315957,4,5000.0,2.2529452436974067,33.63660112595144,3.1533330994348545,5.0,8.379089682930298
2020-06-02,10.0,20.0,229.02385129496378,7.333467476886771,4,794.7056905188422,9.68252927431422,42.20744186791401,7.435554495260389,8.26504380312474,22.295010036937306
2020-01-09,57.015347711198906,36.272000304666456,282.8345825088835,6.026682009814864,4,4127.520362249262,2.286823304357916,13.501146551980996,1.5975395825255454,10.215094674891672,4.060457128062103
2020-05-11,37.32308945724886,20.0,42.60102873241944,14.907725833495473,4,500.0,1.5259019340326692,10.0,23.342305383239307,5.0,6.47365611059014
2020-10-12,18.78412579203539,30.965667301038778,147.56576029066377,13.204721432233905,8,1970.227310595482,6.1187802912209825,24.88524133546597,6.017765316392788,64.80271984781366,3.975618451244748
2020-05-13,10.0,29.170518202054613,302.3288228288222,9.351089372391602,1,524.911598210471,10.117370021504305,10.393410748757848,22.613564927611005,5.0,5.575532670987316
2020-10-14,10.0,20.0,138.17986269589585,8.540660417734241,12,500.0,0.997485374710265,13.268567455652782,4.364345838590988,20.20106715511355,11.391282452466477
2020-01-13,10.0,20.0,205.87401764178716,9.30990719736876,1,1364.487313296232,2.480317293626169,57.98711741549624,4.37726461246293,11.170751216368172,3.9829716365814174
2020-02-15,10.0,20.0,211.59696991039135,3.0196816173364986,4,3009.327132086727,0.5556254013011285,38.92716526850571,3.441175793297872,42.84628983550367,1.0
2020-06-03,10.0,90.17363618021598,66.41145112811017,5.927066148964779,1,500.0,0.1,22.791312890943114,17.74624477723376,18.28454417574856,6.670968658846364
2020-01-20,10.0,20.0,130.40475899482382,0.5918929933634898,2,500.0,3.6718273259186334,10.0,3.6348536276258643,9.631853979144628,6.941193770916722
2020-06-19,10.0,72.30036755981335,120.42406394709558,7.1331905623024,2,1000.4000366762459,6.775804020804314,23.78647766743384,14.077748530159171,5.0,1.98137654596159
2020-11-04,10.0,20.0,9.430815071543325,8.145368759364947,9,1004.8209759302686,4.027316259818683,46.99897686437464,5.0407133125199515,27.05442834166621,1.5
2020-02-24,16.407463365586455,20.0,8.709035000887887,3.4162460415481437,4,1897.551457642962,0.1459716905187354,14.872190615176022,1.0243279101461167,5.0,26.339111943159505
2020-02-18,10.0,27.126150935599465,299.41093572327844,14.460432707482706,7,2834.4255602050566,1.6059666587594075,59.19820804900645,4.177387003186624,23.240359950697812,8.082769818202829
2020-01-27,10.0,20.0,98.30549159021247,13.64181916405863,3,1033.3743749681419,0.1,56.49749108631911,2.272525539788511,5.0,3.4045159227239417
2020-02-09,119.5551084309927,20.756509178073514,186.50835584597357,10.832148531838588,4,5000.0,21.2116733845166,76.01922476367537,7.643860095474471,42.618296737931935,1.145178523099051
2020-10-27,10.0,20.0,107.54120649195829,8.000799431480438,13,1372.2880627706122,0.5330810123697146,25.641047906999194,2.2469916212274694,14.314879813376649,2.507502690921548
2020-02-11,10.0,48.26967385068097,338.6445282415226,13.049537394715275,3,775.5508057366397,17.869679862148377,32.13395823301445,18.65240515882722,23.199338558355162,21.39395651159478
2020-06-27,10.0,26.496591332520957,93.34683319167854,1.9597851573519436,2,500.0,11.232422536050194,62.26190927273119,6.7458273248986815,13.223410927639208,5.286700509387849
2020-06-03,10.0,20.0,154.67645258601664,11.857646914123276,3,843.3149375922541,0.7040643443303803,28.729232248814693,6.186713478574579,5.0,2.3147357163077595
2020-06-20,15.803810702184256,20.0,314.18289017445665,1.8723122095027245,2,783.3762111331738,0.49699394955082293,13.450452031429585,14.237682369508828,5.15141192144491,8.26167273622756
2020-06-10,22.338889979504273,20.0,303.0960840450511,11.913159938241082,2,2864.946044343056,4.597696074145832,14.029548755643479,19.3735151343579,23.864436486071924,1.6866126611951953
2020-10-08,15.984798059406238,20.0,66.99651042465983,4.136513523770354,12,1741.4678422120894,0.766066685858251,24.308934630082476,7.2420277867882294,14.391759953683424,40.71012139454032
2020-05-05,10.0,20.0,288.95159152645573,13.156358715272834,1,500.0,3.169985339887446,10.0,3.417125499548701,39.68565967982587,22.72261404145255
2020-11-27,84.25501379674985,20.0,164.94727922564135,14.160631407380967,13,1302.7782603694563,1.3175297921161828,17.91060271094226,1.2536137543592822,18.23375529907288,3.8403988280003514
2020-01-22,10.0,20.0,173.86879395072788,2.2319395410767346,2,2146.3653844656296,0.18792024747821784,48.290637176206424,3.720842953301056,5.0,2.1076966234717376
2020-06-19,10.0,35.247743388977895,48.052790069739764,6.940134075980903,3,5000.0,0.1,10.0,3.9859981328043195,5.495534548957228,1.0
2020-02-14,10.0,20.0,29.016544952564875,14.714810672440276,6,2663.7867173863397,3.8191442253431167,68.55152699754785,8.224006120956783,13.503074368575904,1.0
2020-06-12,10.0,20.0,262.0581505105555,7.251111539597199,3,2346.8907695485827,1.1707720236800956,49.29878200500044,5.232311337890361,5.0,1.0
2020-02-25,12.03770827769044,20.0,178.72601484790792,12.953212837718176,3,1164.5453060924167,1.1857378921945556,13.904163217408136,14.701256584225598,64.93857906004753,5.2710438091065175
2020-11-05,35.878351634764655,20.0,157.26625294146464,8.830972831969797,15,1616.9743640367544,7.719856367679,31.02249735163442,4.0028905143189455,18.9489161828857,4.544804274467094
2020-11-26,10.0,20.0,262.62296231486283,5.629948618794028,11,3825.7312356413677,15.802425089759254,20.136179688264793,6.979371244602692,41.55569588768021,1.5
2020-11-22,10.0,20.0,275.5846436367995,4.286753332888053,9,500.0,1.8061236483428793,53.73111705886072,24.1428300383899,5.0,4.797371948043039
2020-02-26,10.0,27.311097592534203,57.20694036096728,3.048346366291309,0,773.2177261602542,1.6308509595000782,44.08618703444968,10.400201843158113,42.29061358459981,8.21863861860096
2020-06-05,13.307509746361566,20.0,219.68105381195087,11.426972870665459,3,506.45286100032325,5.755837456571745,10.0,6.958489732279229,113.46550965258437,8.443587013321942
2020-11-11,10.0,36.881882830821525,48.72746961996679,5.798107602345418,9,1602.2322925784788,0.35508312764102584,32.130634819359294,4.04732252706769,5.0,1.5
2020-10-06,10.0,20.0,270.49503097045647,7.6691319330112675,10,3752.667410801497,3.798968498503707,17.03887873135188,3.9226545403654853,26.34824830802398,5.763523068274155
2020-02-10,12.723913210870213,20.0,236.50385625617022,7.384882200017729,1,603.6688061035312,6.220367307953771,21.46161641116061,3.1562567323090063,12.196023362207807,1.0
2020-02-25,20.799333170454407,20.0,344.38126359004485,8.65918543849697,3,500.0,7.540928461933473,11.217358888732635,4.301626186946243,5.0,13.224543200836179
2020-06-04,10.0,20.0,24.824885888311627,12.983657184368283,1,726.1664474269204,0.14880343774073254,81.32956920572661,15.731512066604056,19.943115017212364,11.484240447221186
2020-02-18,10.599198919959084,20.0,20.539699614451553,14.71109015375144,2,2733.870725137843,0.8675927081268104,46.157038179643024,5.918669805952282,28.039190852168673,1.5255688065383006
2020-02-04,10.0,20.0,101.58734688955205,6.113763128607254,4,1877.3751866563937,0.728043209210837,11.113749870729464,1.91597557320602,6.6783666710632055,1.7873708784049507
2020-11-17,19.06047725761293,41.83305938748848,94.21404614492614,12.412783831594545,11,1682.752707411893,3.15765742541671,10.0,43.300721299630695,39.091948311756525,3.8649341621054427
2020-06-05,10.0,23.31097338669991,88.91236766591993,11.467916919820764,4,828.8230630237879,5.590769138999787,14.753227836502917,10.175320108668187,5.0,1.0
2020-11-19,27.14118818143471,20.0,326.2516489875732,8.602934271833599,10,500.0,25.663393810258942,28.434469297362103,1.8095109212071834,5.0,10.060601118705259
2020-11-18,10.0,20.0,89.83663194582219,14.340707154178997,10,1835.9077441331697,1.2937587993623245,24.341060945247374,4.750030659983925,13.96560324784478,4.84550587908525
2020-06-08,10.0,20.50491104315024,97.90190140630716,3.0071177329260417,3,500.0,1.2887094001007142,54.735158800591066,8.255555625240069,12.495708657593626,14.356604770666515
2020-01-25,21.149008832269505,28.419598920353152,273.38337447046695,1.6389631546443213,1,5000.0,15.248910049239107,37.785890953296445,40.63346927149405,5.950209991214707,1.1995049601194714
2020-11-24,10.0,41.36772199940928,161.9063432821944,12.809429504331332,10,1940.124079184236,4.241281261008173,43.626083661937464,2.439730400839189,27.374021301984563,3.1979742747406252
2020-10-06,10.0,41.03844397503286,279.6158005038652,6.587247249506224,12,613.6051833422393,18.201013271331156,26.08823171467979,19.610021162097652,20.71575069799466,1.5
2020-10-13,10.0,20.0,23.531816723178686,12.704532813105907,14,595.0317423507897,4.1916397445041405,10.0,29.948715244762653,28.735666055546044,2.014390023924475
2020-02-18,10.0,20.0,175.52562972241836,13.396353077931224,4,999.3007589872929,0.47918193647044954,17.17476533913267,3.940650041783162,10.771067074232022,1.0850451561720422
2020-10-24,16.82902334207598,44.64482967851664,12.100896065981747,0.9368639042860716,9,863.0719658906963,0.36799256965692523,46.902538131340116,5.59843100687174,22.255301902484423,22.21201864352871
2020-02-14,18.03674055995127,20.0,22.555153243927627,13.251971444790911,4,3350.3958282645576,0.26520070200708507,19.274474526925733,2.621353408759094,7.801762712687449,1.9388321000258566
2020-01-24,10.0,20.0,326.31748320398793,6.724785830541332,4,1321.3591827803348,7.3380838459685185,30.038271788526234,6.028744975151408,94.99447101707435,5.201831742299322
2020-06-26,10.0,20.0,50.12833360233426,7.656487335063483,1,527.61574394991,16.165756918840255,15.564634910233519,7.123577276018348,5.4057014998618005,2.837955547698355
2020-06-04,10.0,20.0,191.67144561907816,9.398887666398153,5,5000.0,43.55581469556297,10.0,14.291286245633229,100.0127251566015,1.0
2020-06-10,10.0,20.0,147.99441693625437,13.895739100951301,2,1152.0616224326584,9.62783130509242,18.19823750052888,21.981110502600668,12.61501721944118,3.662110029891509
2020-10-18,13.051938600124204,20.0,125.04359745318337,0.28674141644646045,9,2365.7246879838594,15.553067192838732,25.719204108372914,3.4969946751120626,5.0,13.796143634627018
2020-01-18,10.0,20.0,323.94000444741806,7.1526520247672565,4,596.9142645169436,1.1388004835319947,11.88705299750358,1.0332146235352881,47.850393931035704,1.0519953866034628
2020-10-21,10.0,20.0,7.85642283917622,10.31583063645841,11,1576.7414575081937,0.47968591878506817,16.633704094886316,7.233732977688626,13.817023078836609,17.75026520587422
2020-10-17,12.297280204427228,20.0,238.96428702321208,10.840604365473427,11,1496.8377440590648,9.729076690439102,10.0,9.909932430151391,28.534791535224826,2.4249235602225703
2020-01-26,25.721495812273208,20.0,346.82199631687814,10.38798647305662,6,500.0,5.086149842680028,49.17551977148931,9.482212619214694,41.423813407396295,2.5103427276746624
2020-01-23,19.412593558473837,20.0,201.6605460462631,2.016526941121828,4,5000.0,3.1936567008795937,15.870077118726591,5.329869492887156,17.08080902676094,8.472450208221103
2020-01-14,10.0,20.0,337.2560863319131,4.490933825575219,9,3986.402447472366,4.8600912864175365,64.21291997087258,8.370822101281291,6.737973116800259,2.021574395071374
2020-01-28,10.0,20.0,18.812836542968554,5.380732881255202,3,737.1597927771113,4.413986386595094,68.23777385980402,33.630883895455824,32.32087730651538,4.68839277206878
2020-06-20,11.065371626216209,20.0,150.7655948666981,12.066558115192574,2,500.0,18.647746166025918,18.824575586436712,10.823656647535623,12.191701403414191,3.0721296109328824
2020-05-18,10.0,20.0,93.65680474633842,4.181398086218295,3,1552.4065423067675,18.96278505688678,10.0,5.086711621852313,24.188028449880708,5.234344429136583
2020-05-05,10.0,36.08460578592603,263.0955473930627,3.1605744580080475,2,1195.9518797930352,6.149252492588298,10.0,4.480802603303073,5.0,1.0
2020-01-13,33.44061945642748,20.0,353.26695257900883,14.361720285571442,5,1565.0435789534852,9.666867421502854,10.0,6.234807111975016,19.048373493517815,1.0
2020-05-10,11.045625641585122,229.92492605130636,92.3508224799292,0.1329492767020335,4,1328.1966464154198,5.877278582318573,10.0,37.967858081091656,6.432827484860373,9.385448024482065
2020-05-20,10.0,20.0,235.5028565306668,14.967312835229674,3,1819.3616727740484,1.3610349485860764,60.50800691420424,6.151520521165816,63.64429162593572,15.558664511839856
2020-01-13,16.930871721734604,20.0,71.31514779350644,10.152319482860934,5,4662.493637742109,8.45575278232167,22.035607546104842,7.244232648114438,22.71640493616088,1.502929127692985
2020-05-10,26.761785716635302,20.0,203.51889164577958,12.427039491736757,3,1935.4656163626428,0.3356311119312577,27.431270431328823,4.561659255055343,15.48478216511987,3.343994255588716
2020-10-08,10.0,23.202688591194356,167.01569520780103,4.4192909451928974,9,500.0,13.208193126489709,10.0,22.175395367061714,19.812439407775962,9.574738381293557
2020-02-15,10.0,20.0,349.92191866735334,0.21472916500589967,3,4283.659097748864,0.4530356723685442,10.0,52.44878946284896,5.0,10.297087847333838
2020-02-21,10.0,20.0,219.06981817072796,11.068042778422951,7,5000.0,4.173290987520496,40.84007464989369,11.595453126657294,61.76004846997931,1.0
2020-01-20,19.37241832686276,35.6264145836,125.82229395125476,12.512168955010136,3,5000.0,0.7651136166862746,25.264981080619993,8.026695338074875,89.2436632747897,1.5476717480612994
2020-06-27,19.561384562788252,20.0,41.07448255965601,11.107141979302787,2,500.0,6.234407051512045,17.85414648007224,7.665906982975194,18.045809741590173,3.0068852555918175
2020-01-16,29.544668994253524,21.056639752357956,54.44885834457644,2.142754309512579,5,1398.1175632613138,2.583414984518736,31.559475821233605,1.0,59.76400571253025,10.420429316574696
2020-06-17,20.25907719884981,20.0,81.11409478244464,11.301418833854536,2,500.0,0.24854436026476473,74.33918821457216,15.566962253668374,6.895381235655955,60.0
2020-02-22,10.0,20.0,90.34799808250727,11.533841731614615,4,1906.737902348125,5.109233773667058,16.83005084296226,8.449999785596134,5.489770403413253,3.4089118262391267
2020-01-06,10.0,90.32436683737352,306.2217808228096,9.878107735050824,1,633.8419935416435,1.1423857453905246,21.23171049381496,11.34006523196271,12.691401903693954,1.0
2020-11-04,10.0,31.911470728264938,202.04020378170898,11.491738991933794,11,5000.0,10.193192354262257,23.431412460735796,3.627478598321308,18.82039342135678,10.89372353326921
2020-10-13,10.0,20.0,188.42072809477193,12.688821595165983,16,505.41760592945957,2.7236925998204535,136.14053641980155,5.030619416799393,8.215423636026511,32.80759539676072
2020-05-26,10.0,20.0,41.31679387291829,9.204061713561876,3,500.0,4.919128979193422,10.0,4.898725471849302,20.858638737419525,5.101920029102152
2020-06-21,17.04003198323645,20.0,309.6502896057966,1.329070709545186,5,684.5325929484083,0.6463892305824867,34.69440420451811,20.524575726661723,16.550055943237712,1.5098672692658377
2020-11-28,10.0,20.0,260.2131491550541,7.3144171450081625,14,500.0,1.1229977282885748,18.32302014971727,5.05936086166231,5.0,21.22241295087832
2020-05-22,10.0,20.0,24.360610284000572,1.1647400200740758,5,2324.1262815393407,1.3662121353701548,31.60822529751448,59.30302533226244,20.466573972662403,9.936896436617847
2020-05-05,10.0,20.0,254.82063500271673,6.113145465486463,4,500.0,9.82621407763435,11.871041616627295,11.368682421289725,28.890945528645737,1.308266511128517
2020-01-22,103.91482605968619,23.769612066550767,195.67375824335258,6.106597336884414,3,1128.2889732217134,33.65176921603718,19.313956616333794,2.063322071640952,14.461201688362285,7.0830934556289975
2020-05-24,10.0,20.0,29.421124468840173,0.9901476621036237,4,500.0,0.8124039171273219,35.48565263176599,6.4977353386083045,38.57668595769809,14.83098659917157
2020-10-17,10.0,62.247965512578475,164.98823095031634,5.23230800954219,8,796.0819998800199,13.670937332780882,150.0,3.850969280737163,5.0,27.763804034092026
2020-11-26,43.910945566472165,20.0,174.4906633668169,1.6649714818697225,16,5000.0,0.10492430153484932,38.33751618154477,1.0,19.452010301593486,6.207301979790651
2020-05-08,13.333432715249863,20.0,59.67883445877927,12.123528150138332,2,1572.8552723762477,0.4532623864532335,10.19143357236544,36.57887690702731,5.0,2.9162678481791886
2020-01-14,10.0,33.28618923522532,340.45133292010166,14.215320389467061,4,500.0,0.6452175809400598,14.310481694347938,14.926565459993057,5.0,19.545177611159012
2020-10-22,11.497351049490245,20.0,305.9911337330383,1.084747128869079,8,1062.9427406224809,0.3574488392216833,13.974981752180176,12.593833858941684,6.48225968412242,1.5734529011432201
2020-02-11,10.0,20.0,240.848041438479,14.326728109375521,1,1116.5701192550157,0.2527428817503853,10.0,8.718120365754094,5.0,7.5859294948185
2020-11-27,10.0,51.17143924674934,166.42640196021858,7.838648990051177,15,1759.2279831182993,5.050556161466167,15.4240479497532,1.8551813077452786,7.042788470162046,1.5
2020-05-08,10.0,21.421669172986405,148.23559497042305,4.493485169308109,4,500.0,1.9717046110587446,36.098931460094455,4.555716693309288,9.834038552296558,16.09408038953092
2020-01-15,48.755992458941584,20.0,234.3504481743435,1.1529311291424527,5,1983.3989113027283,4.802363038240932,10.0,17.14627201534533,28.138942930768994,3.288216699731567
2020-02-27,10.0,20.0,196.35547298648598,7.5093640210562675,1,500.0,7.657679719479577,46.46903239981833,2.582556940119295,8.836058987003959,20.538473488527536
2020-02-06,10.0,20.0,22.418318117478822,11.91773316736123,5,584.1252608793952,4.0488200369173,29.67247525074028,1.0,5.0,8.082452127568482
2020-06-04,10.0,34.706261857122726,184.5009535573194,10.606297159000473,1,672.987097302895,7.291029553408537,11.163096051225214,5.887868173821981,38.094421210688196,1.0326576521447004
2020-10-24,16.136330258319532,21.54083218410207,290.30530220382224,0.7533901719596064,10,2065.91152831951,2.4490533708219626,17.935397787385394,6.412456622633829,5.274637024034301,37.152029018895185
2020-05-12,93.56824861520597,25.064845175717878,165.3263559349049,1.0935275305185526,1,1121.733855689132,0.45818140960133136,72.14351839958107,8.46181268822981,11.487730731207973,28.832243293727295
2020-01-12,12.477819986423262,22.997762583406058,18.70436791953663,6.043099239489557,4,500.0,13.286138467256043,36.119693785181404,15.31019036334956,19.039894853365787,12.919577429429268
2020-06-19,10.0,44.24562640992664,283.0601517782519,4.429357410719149,3,500.0,1.123368544916967,20.22717351498033,13.97969349780909,14.873935984251544,1.796956790136251
2020-10-16,10.0,20.0,72.49096156895078,3.4857648458407176,9,1337.6638949554485,0.668048536840894,16.607482493610906,9.571307349175365,36.38583488968901,4.656426753364036
2020-06-13,21.56337917309278,20.0,93.10350055969396,4.215067483630704,3,1013.2645834342804,2.08157160200172,21.355028873429482,24.42314841479088,19.668200493527323,5.336193979257641
2020-11-10,10.0,20.0,59.29428723562652,12.05224114945327,10,614.5411491322776,0.6912758167346572,13.337627200587939,1.6177401709552828,5.148422825532486,2.889295292344993
2020-10-11,17.326662308751228,20.0,118.87742335373912,13.938420804477808,10,678.0128296086741,1.4533255701168544,10.0,12.238439957118572,107.61522930365177,51.22773041336882
2020-10-27,10.0,20.0,272.4305420479086,6.076540417913496,9,2199.9017893805253,4.554341174339758,102.89842415904917,13.825826979945159,14.79565362034381,7.993725122164889
2020-05-13,10.0,20.0,186.97890942141746,13.591665031987455,3,653.4770586751541,4.583727853508573,22.74305898671349,2.1392123786325996,10.51349608637287,1.0
2020-10-18,13.847988860766907,57.544687247756286,73.75725869425652,4.82243551871823,10,1004.1621146289444,0.7069855161554766,27.619383089797967,1.6439952236668138,31.94211706194136,10.101582385585676
2020-06-07,26.314642849190516,20.0,316.0188281347347,7.146554795156874,3,5000.0,1.3079250374529383,19.176274275644964,3.504535103231901,15.634045590873127,2.9511978058393797
2020-10-08,10.0,20.0,316.6494677825505,3.3904349672399956,11,500.0,13.61945802241475,11.155208952239219,3.8131612041187477,18.16012384737613,6.144474611122923
2020-05-15,10.0,20.0,313.40823301656246,9.607140632637659,5,500.0,5.723612583637296,17.309585362141227,15.696212849867422,147.25768312659488,2.879615450374423
2020-05-14,10.0,20.0,85.96663609735414,14.684716727622133,6,2400.877716768281,61.105236057188705,10.0,3.9966688086311497,9.252359237854625,11.80420353632467
2020-11-09,10.0,20.0,162.44616390515571,9.05239644065068,11,556.3273826636964,15.961702521507606,124.17218590964542,3.1382065732051787,8.866136268450472,25.766892781675345
2020-06-11,10.0,20.0,354.596276210715,5.367211261703233,5,797.7238398921841,15.126370370786546,10.0,4.008296200232086,13.688807279388742,6.294421687378598
2020-02-10,10.0,36.22193465463341,277.9244914715965,9.717261689857926,2,502.12225297676156,0.33898384565110995,10.0,22.615428133692458,35.570474849176925,2.9826929753177778
2020-02-19,10.0,56.48516971907805,9.780271641201534,1.8438101769808135,2,845.729745859268,8.548796625180326,14.122829994054257,7.486065614289387,5.0,4.2648002887379795
2020-10-28,16.51780863549212,20.0,23.47365285377714,13.32988620398098,12,5000.0,2.510143185304378,56.28682985932324,6.1764827468876735,5.0,6.882518513720665
2020-11-27,10.0,20.0,167.0152956524398,7.5462592616975455,11,2445.8022302351746,1.1894931531765225,20.320032038566048,6.619332283213621,6.772597757698088,2.566515289333157
2020-01-03,21.768410712145787,20.0,327.31927411016164,6.740246130594631,2,2597.2890627683996,3.497411106016128,10.0,26.89822594213604,5.0,8.977436539779458
2020-10-06,10.0,37.56666267099206,193.93264726297713,8.787971826802789,9,500.0,11.22133976843422,54.78797242703082,3.4932351132615795,7.965889812779036,11.67577166344435
2020-11-06,10.0,20.0,179.21250289234447,9.371757941841036,13,500.0,5.761785368598568,36.04616584290074,27.53638692402168,20.135807466454285,42.69127623962771
2020-06-07,12.38726970602931,20.0,37.97053198438701,1.0766370933976954,3,500.0,0.7278133128872386,30.89974606080984,9.120241636098644,5.0,20.214895554488027
2020-06-20,10.0,20.0,236.44083770074585,10.239258318351036,4,500.0,8.278720027434945,35.60860752121535,6.293898160016979,5.0,1.9683391161292472
2020-06-09,10.0,20.0,295.9571378160812,3.628975204732944,1,2854.6461854893664,1.0445839653730833,136.3860572303817,90.09822804955532,13.057166781905474,11.99341860091716
2020-06-17,10.0,51.69622128524251,136.95120270272244,10.709289487598847,3,1838.9435272810185,3.762278201035294,115.36210447310145,2.571168616639322,28.862508945487523,1.4316905377863622
2020-06-14,10.0,20.0,279.2202663331179,12.338021915762951,4,878.7379558673766,1.7245650931527374,11.595623304700718,5.187823476005218,5.0,10.330684261175684
2020-11-02,10.0,125.03816471490427,347.21159540429215,12.059377613287804,10,1072.4485914591903,1.957563567935278,73.6340823715608,2.1545217234207708,27.6667795241409,3.616577257542774
2020-11-23,10.0,25.157382679690944,73.35592528596807,8.287514511118337,10,550.6582921981667,8.579404131634513,27.29038798705878,19.153049974372447,27.58593947872714,1.9690697833851027
2020-05-21,10.0,24.04610611436741,188.39866723010687,7.802548384661268,2,1345.820148994127,0.5710431061899159,29.94243344001266,40.01238109725902,31.62933782779117,6.271743657238651
2020-02-18,14.501911506127525,21.660030885483568,103.3696649104472,2.1431394200911758,4,2358.7292025161273,50.2893141110108,10.0,39.2488750002896,41.20172872713483,1.0
2020-06-08,10.0,20.0,285.42759085218216,11.630192256047033,5,500.0,0.17699583036569508,17.526103317052208,25.127145434109504,110.16882089069276,1.0
2020-01-26,10.0,20.0,207.9336117172167,4.0711407067007155,2,1479.778491775167,1.109044102202073,10.482855652812669,6.064059936047276,8.53271800459524,3.6219398028951497
2020-11-14,96.53704683424377,20.0,228.44967031810936,7.450431342269198,10,2786.20259585511,4.736591740163624,38.95655504186226,5.128222062037001,13.593225995355152,7.421604161389143
2020-01-05,10.0,21.180337532829206,287.2490974617219,4.264111393912751,4,724.0784269507359,6.530419934063073,47.316752124021,1.3893419635139295,8.033028192347356,2.877199645526419
2020-01-05,29.623923731006187,20.0,142.54937015848375,2.007425444995397,0,2209.8957293753037,2.337977920248678,10.0,56.59233404764075,12.206600679772386,1.0
2020-01-07,10.0,20.0,329.4324246265356,9.443365453376048,3,5000.0,2.494065089859527,19.734573722323674,11.810371406001858,56.42280132606652,1.6795565318525456
2020-05-20,10.0,20.0,191.8903922086104,0.8149805223435574,0,987.9748154750446,5.032038286587066,49.27856521447484,4.517881074633937,5.0,7.166742248304
2020-11-13,10.0,20.0,56.863736220725286,11.229678511892999,10,1625.0714288372385,1.9220566484508612,17.299140706908638,27.884107112766475,5.149761113308357,13.512338525196311
2020-01-23,10.0,32.165702075411936,250.52368254076887,4.76380192891675,2,524.2364989311366,21.972065288180854,35.99035248458127,2.7933329350434626,48.287896370157796,4.395284487658298
2020-06-08,10.0,20.0,285.5740861577716,0.002020395067279801,1,1314.5519480054597,9.573737488129227,26.60056281710688,11.096414456767937,33.78566185118508,17.960960425370025
2020-10-28,10.0,20.0,114.03420374430961,7.666937088558447,12,1737.619974248498,10.066736034249423,26.399054247760223,6.217518459870349,8.472862026508343,10.83023257941527
2020-01-11,10.0,20.0,308.5845325195511,0.7027786279140469,5,1332.5402210936775,0.6381160695079542,16.16661021713077,13.994678355392022,28.628479272355587,1.8276906229578205
2020-05-27,10.0,55.396563580117096,326.2115717156759,4.142543367313492,1,500.0,2.4131123923116675,10.0,6.933927980736972,17.136588268185072,3.200789620927251
2020-11-20,12.525477386455657,26.392587367126872,99.68561545601122,10.604647311835743,12,1347.9790790044606,1.7320420305706814,10.0,1.7316454937176358,54.61314523539513,1.5
2020-05-08,17.000179071540064,20.0,354.0677301774799,0.940344324327988,0,4732.438741185134,0.6014558996567103,35.42727527867275,7.969138329130099,13.12487905826396,3.936268571653925
2020-01-04,10.0,20.0,50.65615009755303,12.590077385340035,6,1717.5184467670176,4.665739188711818,20.400646762976983,21.091374003098746,33.975243052426244,17.022240318476864
2020-11-14,10.0,20.0,72.72564062489639,0.05729883987874662,13,2869.770065724415,1.2135274462167516,17.978744595197675,7.176297590509599,171.05957890895604,15.299393846860479
2020-10-14,10.0,20.0,66.32094212568941,3.7023580380285335,9,865.2236513512714,7.265272063020381,14.308989357220455,16.040473494166047,22.155796495340756,36.15720724277931
2020-01-19,12.004913166795314,20.0,321.83629560283333,11.113560842281071,5,2321.3408247610378,0.5459175377848198,15.734392532139514,2.5972949882852463,12.798502421940551,3.1159612977526656
2020-05-27,10.0,21.13725878060347,235.54531883698627,4.744052245939602,1,1449.9260559482498,35.82195305385486,46.41067213014699,7.1975393216762145,25.089438613582622,22.540636646906435
2020-02-21,10.0,77.21752977127774,54.75754196001824,1.528385820990203,4,500.0,0.7085752693439389,15.360583795327786,3.9570133846073285,8.45467160948978,3.553862102250872
2020-06-09,10.0,20.0,158.51643061260563,5.403508782006418,2,1507.9720362555852,3.777088617279221,10.0,15.595475499499857,132.68364761517824,26.203738700628833
2020-05-10,10.0,20.0,221.50728902512873,4.055899295767883,1,500.0,8.915478875551392,36.41283857033659,7.625451716614629,14.586129424105847,4.365671012211062
2020-11-08,10.0,20.0,30.047070596177985,12.640678532408323,11,582.3780021381945,1.1549295595366937,17.049121353937473,14.732761336340793,9.272626564859229,15.707569920180763
2020-01-02,10.0,49.27489405992764,317.66989262664197,4.700218763777147,3,1325.2127708371981,9.764007934412334,20.596408015792377,21.926817392518032,5.282032648697635,26.31488732904472
2020-06-04,10.0,20.0,289.29727275895266,11.833987076640108,6,1476.2262412296386,0.4300837177939365,72.67973846815082,14.755539551914058,36.49663963685171,3.55333587621671
2020-01-14,12.188312727337912,20.0,181.87443848758977,13.37808217216102,0,500.0,24.00294542294662,19.757863304696752,9.709632502781451,28.996856072827576,5.8244628758929196
2020-11-26,10.0,20.0,348.1655814933014,6.507261293647943,11,3146.310486398721,2.776590947826935,25.31373005610058,2.723145760092229,7.408630679085812,31.566651098994456
2020-01-18,10.0,20.0,150.3939525390359,13.64914715781588,5,1943.0346419062648,1.1111359695990202,10.0,7.36849802275111,21.681326174744868,3.8205569227352774
2020-02-26,10.0,20.0,354.27971485313924,5.659770809447893,1,542.0030151269993,1.7353816169732277,16.848547277883302,4.335815003506392,5.0,1.0
2020-06-25,16.67422156783816,40.69695995467934,240.45119956930574,14.461176247351622,3,500.0,9.146569620128972,32.708037282796006,5.237980604823215,14.65777007010509,58.65122523489896
2020-06-02,10.0,20.0,228.48165837141892,1.339342867883594,4,948.7026511645795,1.1312430385265089,10.0,5.080785366011924,19.158689108717464,2.550482718927961
2020-11-07,10.0,20.0,59.7437623064826,10.305288997548642,10,702.0862685436681,0.8833475679546594,23.58653679574988,2.7734011672691943,67.17692493107822,8.133345741573773
2020-02-22,10.0,20.0,317.4939929896718,7.40721060685393,3,1227.997971770483,1.9497381931216986,21.772176735882937,1.0435844886559809,5.636037215954638,17.943142407173106
2020-05-07,38.33630056258665,20.078249226882072,153.89628765142146,5.8147320818347055,7,762.7141632220461,0.46512775501813947,20.760039572173905,3.7880711254754806,5.0,2.1593501404434856
2020-01-27,10.0,20.0,58.40402608169257,9.490678181229013,1,500.0,41.71312643615591,46.04997035418362,8.965460318550615,5.0,1.337174096774211
2020-10-13,10.0,38.452346764012276,4.538707191273255,10.557856374514968,11,743.7114039754903,1.162308499361902,26.246976773687738,1.9190359576894696,5.0,9.115259381108853
2020-01-14,10.0,20.0,201.51204610981773,0.06544904475463631,3,807.8536282312151,9.463338040905963,65.52668856665095,7.5058463969772085,46.37021605482314,1.0
2020-01-14,10.0,20.0,189.86386396416347,2.5042963312079807,1,2066.6020686548304,3.7217914519532695,10.0,49.415711703813564,57.31940915215746,3.1724771173225306
2020-05-16,43.15019489748127,25.825851517752113,258.9673040528971,10.69569075951478,1,545.5531998171665,0.6207660024403783,22.392803922196634,20.554020267268495,16.78048456154221,6.013737269788509
2020-01-22,10.0,25.717333614396285,320.4928990864088,9.995781203673097,2,5000.0,2.694110074219926,21.489693091844075,38.226978474198845,41.31786387045881,3.241569816752248
2020-02-17,10.0,20.0,28.58637047149063,14.490712576930157,2,500.0,8.81102844267226,10.0,10.92580996528887,13.928796399544723,1.0
2020-02-23,27.5434982147528,27.19142369211211,263.33873652253044,11.415566853761746,6,4069.060831194711,2.0495248737197187,43.16525985346019,23.748273259786888,11.077193469962227,30.356587573482447
2020-06-22,10.0,20.0,67.4682998751296,14.261590615970071,1,876.2759292985572,16.275638491872222,128.9904853522581,3.5824082490940015,8.731720076288465,5.074590260083095
2020-11-12,15.742303344448295,75.15653311100955,308.94373913657904,10.538107523022104,11,2590.444786901218,12.582073831706643,19.81412645061908,3.8793194275451737,8.931720206307222,37.44404365646267
2020-10-06,10.0,20.0,294.8628649901962,4.470783129591648,11,1187.732711226973,10.787329834764243,30.084704023622347,1.0,5.0,4.920556372202042
2020-01-05,25.705236770414025,20.0,194.68575179479598,1.5804738337628472,4,3427.3941761624815,1.364127242813486,21.490581742127482,24.19498726852218,15.867210760466163,1.5589080714354502
2020-01-04,10.0,20.0,255.68740750439216,11.727357950174033,2,744.4443010676971,0.5380715841276161,11.34902984513166,34.478087586198534,11.700903836301594,6.190507709824251
2020-05-20,10.0,112.47102457477894,113.16604074614942,9.66223832213874,3,500.0,1.0828739720571823,10.0,4.24959104947134,25.67096852670195,3.4592626118907894
2020-11-21,10.0,20.0,169.62044361581326,0.7227901858994434,12,4539.191934831394,3.6486652325456137,11.420171407444881,5.731907048560033,13.376821847974576,1.6358316975305338
2020-02-26,19.527479724029654,20.5808853057528,295.7892831757698,5.400756988514675,2,978.9879697179305,6.1637174045880005,10.0,3.4768888535025875,10.353206706406196,26.14717386161797
2020-10-19,10.0,20.0,165.335470982357,14.351997232264292,11,1368.6203582212313,0.104626636665006,78.51436977129065,10.833612304032531,5.097789273623314,3.185919169489348
2020-06-16,10.0,20.0,128.80737551715904,7.506017185653018,2,3769.7045702583564,2.6854013559283647,18.318514044741562,22.758359883484076,13.093988566361665,1.0
2020-02-10,28.390205458601038,20.0,177.91648101010796,6.490937040295569,4,500.0,3.445723296892963,15.229959942947268,1.2933400084403324,25.48875133737796,22.06073352756632
2020-11-18,63.76723742265326,41.45400244128542,298.1697308773986,6.8654940773894095,9,1989.2061084421002,1.7926296419357268,40.90789433012854,11.127711521702185,5.0,3.6704251099533374
2020-06-15,14.4726011261185,61.768687561503796,120.67489705351419,3.1332408600774557,3,607.95766130935,18.857500863261844,10.0,5.60314601438879,13.296139815722553,2.1610869848887977
2020-05-16,10.0,20.0,62.554173528867764,5.5306075629719285,5,960.8618521359326,5.117520842714141,10.875458854440081,8.276286620085255,15.37961531182258,1.0
2020-05-02,10.0,20.0,256.3250473190811,5.547198839807649,2,1178.8314914976972,19.400287045533588,21.20968284547235,11.693042440008888,5.941343084881275,36.20255816645028
2020-01-22,10.0,52.43076846160735,297.35215657490943,0.785325302812086,4,500.0,1.9661144201053287,45.741921328201364,6.121441213652831,6.767580889607013,1.0
2020-11-23,10.0,20.0,36.229492268472,11.513514427768774,10,503.2881944302963,11.091912495633203,30.004519974654905,6.661956076397835,15.34225595623609,7.210977263899384
2020-10-23,10.0,20.0,86.3546805921401,6.247566478558185,9,4234.72170750383,31.582387000203415,24.499681415390967,5.966287248055749,5.0,20.097782692151274
2020-06-04,12.8309940643374,20.0,51.109916313957804,12.33269830224635,3,2660.2920489433436,19.4440317856341,21.38081849748212,19.498083950403,17.286463096742036,7.433972105667164
2020-02-17,54.90333237326503,20.0,125.25890816957998,12.75522001679843,4,1030.0477327985514,0.5282358601743676,27.66557012816841,11.231922643730655,5.0,4.172080472276453
2020-11-24,15.14380564142522,20.0,162.12635240594855,3.179910820479871,15,1398.4551730188728,1.857972582244003,23.6017845123599,9.212705258830905,35.26368542898864,1.5
2020-11-26,10.0,20.0,269.57748130679033,9.860302232551929,12,817.0967381211515,1.6197194282804936,10.0,2.073106649169581,126.19492626648045,2.544146690530116
2020-05-12,12.515118739730166,20.0,234.4131305574027,7.084227062444725,6,4258.121526649063,5.662592366351062,20.839774104405343,5.060272101162456,5.151269547110916,5.614544178544002
2020-01-13,37.357490680517756,32.342558172960544,223.5342842922352,13.202351068822276,4,897.5307864324659,7.610511109695879,10.0,18.149974583271707,20.784507186634894,1.7426224190426995
2020-01-11,35.53416525648986,36.74672611863653,126.85498077947558,3.236110187646812,1,1382.7673443016251,0.7723333581864534,21.431590697251657,7.672914829623273,5.890012354019875,5.720357777779757
2020-06-17,10.0,20.0,302.9211191105136,10.167198004650663,1,3449.657204733835,3.0094513032824013,13.67380073459558,14.289592421393388,34.49982231719396,10.156278549747991
2020-05-09,12.308577654119233,20.0,169.66338026333923,9.116281833790838,7,504.0263332176044,0.13134983773246223,150.0,43.229010115580486,5.0,14.225035319975271
2020-11-07,10.0,20.0,352.47777768545564,4.4295221635774915,12,5000.0,23.639463760221126,19.454618424307938,20.876123073310403,19.69937202687937,1.5434958538139898
2020-10-13,16.55342862290033,21.399027188324414,228.29116978646528,2.049013554767589,11,500.0,1.2604119840460173,10.0,8.11049042306002,5.08864218210965,90.0
2020-05-25,10.844021928545907,20.0,45.455306963220984,9.774596407159148,3,5000.0,2.9558785306442217,18.041160312818064,4.432708646400185,9.904759616006796,11.256831777687859
2020-06-22,10.0,20.0,243.42392234715624,11.07896187198496,3,755.458172398184,1.7083456208409975,30.43176598330334,1.0,5.0,4.47247978075154
2020-06-09,10.0,20.0,117.03744555541164,4.73441015645025,3,860.3172806302955,15.165776792115315,76.60720688044825,6.243963003622623,27.725441875125945,16.56751581719403
2020-05-27,10.0,20.0,247.07779080699507,9.672489060334707,1,500.0,0.1,12.533913869738083,5.33339237692138,5.275216101122332,60.0
2020-06-05,10.0,20.0,25.070813338466067,5.926963614172549,1,695.899520366054,2.6513912083129454,10.0,10.917491135187893,21.15686119637382,1.0
2020-05-27,13.210632659641776,20.0,62.95731738334538,10.698103249239265,3,500.0,2.3193149542940312,38.60838995288882,6.3350314169406525,8.635675802744348,3.420151433893213
2020-02-09,10.0,20.0,308.06541320608306,2.9882291234107967,0,597.260672009554,1.3765018899522476,10.0,5.363490310888152,10.864793724421794,1.0
2020-05-27,10.0,24.566238088004255,81.78464052846536,13.353225039542615,3,955.9341540964125,36.21016275258006,14.169271582828458,1.2468259344350312,14.12231128487566,5.647324195031378
2020-05-19,28.256172228716597,34.16025774048443,301.3348050874584,4.311143946983696,3,2857.7549541054395,0.7182093430574181,16.344698787554144,2.8864638477695665,5.6869571202754265,6.948133694225008
2020-06-06,10.0,20.0,100.53939184358775,5.5167898163422935,0,1349.653742369911,8.651167352231289,18.997231107452592,11.901340499624558,15.034793978315985,4.2759464148117425
2020-06-10,13.117758976412917,20.0,231.43748762113475,0.8713792812052468,2,1491.707406668729,4.6384450106669535,34.85970458253806,41.095870053327175,56.27973729166393,2.043286855225265
2020-01-05,10.0,101.27665692695244,249.89420646353915,1.672683184819146,1,500.0,18.034360931138504,11.624240013701284,6.702459953529328,5.595178328938878,1.0
2020-01-28,59.22327697557366,20.0,184.55571113221905,7.737928540684922,2,500.0,0.999216679789325,16.135415848884385,10.255468480120973,39.323021779266,7.016330917613878
2020-02-23,10.0,20.0,109.91184361082327,4.013890150919572,4,5000.0,0.9053321838196747,19.857538684738024,19.153359996128252,54.49438307358111,25.700781003955267
2020-01-18,10.0,24.410122449947796,76.5519754935946,12.532203386132915,4,525.7358841458129,14.070844085881632,22.63909696908615,3.2841440794967425,5.386226306067878,2.205111011801842
2020-05-10,10.0,85.3314288599351,11.94816764247344,0.22040082982430764,1,5000.0,5.144776676907996,21.7206134835609,10.663365088703312,5.0,7.599419895410403
2020-06-02,13.566002737720428,20.0,109.42070444666057,5.686410730079043,3,860.0055142272372,0.26782914511095834,28.468682407234777,3.523694079312287,16.47692471834852,1.0
2020-01-22,10.0,68.50000664111512,235.1386045912619,5.06018320153639,3,1099.1450575043914,1.2105108714393051,39.45148178645652,17.545972536755926,7.046932933232579,7.757465549721968
2020-01-21,10.0,20.0,337.7897346414538,0.28991446376401553,2,3198.2694966962813,4.852887947217392,27.49783550101415,8.596911818955029,78.93330214056442,2.795305052043473
2020-02-14,10.0,20.0,313.63361361469873,1.8655259850076533,2,3912.3458000293467,9.55100450107488,28.871888885365784,9.95875251228423,12.614002929707455,1.7951677278544875
2020-11-17,10.0,20.0,275.7833195527089,6.204640123779529,11,981.603481078018,0.9813304953332596,10.0,3.3783972227665235,5.46192117797323,2.6993978743738642
2020-02-14,19.828537742064494,22.860569827351885,283.8410435711875,7.392968766711699,2,743.7886682840161,0.1,20.90905166710732,14.984740145002846,5.0,2.7945360544042654
2020-05-15,10.0,20.0,239.3945652513583,6.064346208823037,3,1036.992059978842,5.958595378811463,29.47687443314602,59.42487568212433,36.23063237059943,7.091663780640562
2020-06-04,10.0,20.0,93.70326872376108,7.964065176181407,2,1537.5684641721405,0.4358395818313685,35.98682702989629,2.696860461946952,6.881358066936583,1.0
2020-02-07,10.0,59.350765876833066,326.59021105409875,8.926975123585223,1,2673.9276136816184,0.13186083442766866,11.54346389917685,5.260578450875298,12.728311947055316,2.782811095188274
2020-01-19,10.0,20.0,241.46363228610025,0.14885731691753445,0,1101.2815862232903,0.1,11.855223594186231,9.314827395716113,31.683712421810124,4.26411163100903
2020-06-20,53.25157350969413,45.331831808310596,201.75862715295838,6.961427391802558,3,2036.2930429250937,9.216278201536714,12.688796766461586,16.222614279521984,7.506292344549679,1.198598467614637
2020-06-06,10.0,20.0,39.956208916853186,14.452488613313825,4,5000.0,3.29671387079091,30.84982630146677,4.222611243273081,11.635621028945884,38.70613993141734
2020-01-16,10.0,20.0,160.93999577031315,7.78548420194323,4,1605.6912244064556,1.9377265974542763,45.92937285776609,1.0,11.982312333062374,1.6093098523000653
2020-02-26,10.0,20.0,165.72897763269347,10.163134011884297,3,1497.650545274455,21.835488181614256,14.498307437525535,28.765866525561297,24.12683029544755,2.007069511291714
2020-01-03,12.17929793860814,20.0,311.2428994281612,4.677957868753248,3,500.0,7.070894727116982,41.5280810783792,15.807841582164778,21.99344238486384,1.3854575695627354
2020-11-11,12.586126166041835,26.577850467470192,196.79335926760385,11.609870672291438,14,500.0,30.70575401049575,22.17097159279485,1.2931129739878147,9.775568558625167,58.185792666279525
2020-06-25,10.0,20.0,136.94419762934749,11.593822228141727,4,1617.0774070817113,0.33651814512337136,18.184532648434065,4.024622864502992,12.983107137695258,8.701420379266256
2020-10-19,18.71794159262559,41.55633846510248,351.6481182638374,7.819440714812084,12,997.4238138148111,2.5809926269519146,16.960593369240158,35.45209787074053,8.399909974551266,2.184866439551284
2020-10-28,10.0,20.0,39.85941359747364,14.640207349188204,13,655.3813795774996,0.2404916131931765,36.49915434470121,31.431055048896546,5.0,25.354164046579648
2020-05-14,23.199603838886816,20.0,152.11743419230007,1.8832532214398006,1,1399.0241043073406,1.9269269927188961,26.061581413941838,18.890138675125808,15.76198230663961,5.7021222673363665
2020-01-06,10.0,20.0,15.128883061705904,0.2542149733437149,4,1032.353339628956,1.8721288753393823,124.04697718398639,6.195898655865073,80.8173573247955,6.102534064548022
2020-01-24,10.0,20.0,266.36548347609494,11.55237317635644,2,3387.2723183499766,6.9581974650310014,10.157580617577656,8.028417369536928,5.034332066659191,2.9642597824591426
2020-05-25,21.425218826273195,20.16071776944394,330.50755879169424,12.107333060473238,4,1195.250263854772,2.910560928995828,30.401178120466696,6.4822922809710315,5.623590227168409,1.823396217329565
2020-05-02,10.0,21.810597160970183,100.8134386381762,1.8031084368086436,5,519.6090567762387,6.924810640863304,13.152859561751294,22.833751796104696,5.100161614553149,6.721553603862693
2020-05-23,16.721553528321365,20.0,309.0030036476835,3.983742494379091,2,2951.787620801399,7.808088625968648,10.019872894624893,3.0776231468672672,25.14330802722707,2.3300630423293462
2020-06-02,13.717356923914405,20.0,105.19856296628319,0.26328545049943364,4,882.5972005899561,68.88187052759464,19.911675940944622,3.3009171203403502,19.077038788217287,39.65062676873128
2020-11-19,26.742889191955538,20.0,327.87725819180946,4.399629161708471,9,1856.6641405231574,1.6939363421006834,22.418398504267202,20.29297134308138,10.396428228420975,1.5
2020-01-16,21.37473999802405,20.0,271.4262852948422,11.597128108780073,2,680.3377008597569,0.6626329572957839,150.0,7.068431090685009,5.0,28.31489885504125
2020-06-18,10.0,20.0,289.7664396629179,7.769407915688684,4,572.5918243831197,3.931910432772017,17.334233260722897,29.325790639469076,13.361491373614477,3.9212770603254827
2020-05-12,13.914641537736452,24.731781621370004,6.48236001616362,5.221433897524321,1,1192.9305790686096,0.8159354433336999,10.0,3.7753299883741946,5.0,6.416693031261874
2020-01-22,10.0,20.0,346.6117285466493,5.576089423594954,1,1110.7921001418351,25.101840061021758,24.988321456799923,6.995182093018466,14.061303147865388,12.179927622679136
2020-06-27,10.0,20.0,261.60155714531635,0.020304385732022312,0,1771.9342674648099,1.7774378932564967,10.0,2.9375826497396456,29.122887762732045,2.1037066200110552
2020-11-26,16.751448541786438,105.18736233655585,109.71039433900799,4.497007913478538,11,838.2817378723557,1.1637359170575412,18.66097740835865,7.4436601343974225,5.0,18.96439302740971
2020-06-23,10.0,20.0,298.5820793491849,9.696881124568957,3,500.0,1.3404782030834617,20.344695730236737,1.6844735184139799,5.0,1.0
2020-11-28,11.549472114107944,28.115575836279636,101.34763142937479,14.612916657245357,12,711.3937801838988,7.985489923049883,37.9276465413739,4.537456346982816,59.11223303228896,2.833400748807435
2020-05-28,10.0,20.0,314.19138224380606,12.705912404758493,2,2425.5618497252644,2.1455148033645637,43.76777427941003,1.7572430553582161,6.607731220287127,1.4786427869409822
2020-11-18,22.85270377640665,20.0,40.52894054829733,0.3539244696829369,11,814.5403128137868,1.0382117580900465,13.425344550050529,14.789585241985517,37.93779504579303,1.5
2020-01-14,10.0,20.0,253.32695188588647,13.47840907012259,6,857.1531414879032,33.050208550705705,17.805524748970747,15.128635516476496,10.443735602680205,3.4627192621086844
2020-05-02,10.0,20.0,194.65145159216772,11.747976199479389,2,2940.622303836841,0.7525748935549696,10.881926954251355,1.3096203283463317,10.360962967666607,7.119944723340917
2020-01-03,17.930755316298303,20.0,34.75240927035869,11.705641853564707,2,538.090505979568,2.867237753390667,10.0,28.047114183027187,18.88584499673291,10.414426393905359
2020-10-10,10.0,20.0,87.08177817318203,6.869936385053572,10,500.0,7.231592157982172,25.736644271964625,89.78474886506152,5.032924080079451,8.9756667090715
2020-02-04,12.195089168330172,39.10704959302995,4.465453059833324,5.970079394317542,4,933.8995464598252,0.23527442842635624,10.0,7.736940975959877,13.908457988940821,2.0161058264854343
2020-11-02,10.0,21.508345148285358,168.7564675672221,4.543735932497889,9,675.7519350768933,5.586711056949184,14.415420181061437,3.8918543463831408,8.318738204142505,10.467600641175363
2020-02-22,26.52073365731962,22.188943256081043,108.45549387360013,0.9854228843154866,4,500.0,0.5584101709651752,10.0,100.0,5.0,5.20251849250312
2020-02-17,10.0,20.0,215.40869434719318,3.423530452405487,3,920.2280723990133,9.338766445022134,31.179054805179028,1.9759148409217933,17.07272352954259,13.780677109856677
2020-11-24,10.0,20.0,107.00561077510218,3.699054524670369,11,1792.749308866502,0.6414804839731492,84.87198644222697,7.539127558241559,9.362311293961518,17.077966973580587
2020-05-07,11.162616653662841,20.0,107.97088014251449,7.261156045653024,5,1086.4941750019525,7.684102219909784,10.0,8.84296539774761,10.412168513575642,4.648626021571568
2020-10-18,10.0,20.0,267.5495515433772,11.21166609895041,11,1490.6701645490414,14.278424182290633,10.0,28.36476257669338,5.0,2.290480224755843
2020-01-06,10.0,20.0,17.331420952207242,7.107147425969199,1,5000.0,9.896239024527478,18.17579005353012,10.588187311444187,59.82360812584933,2.047172991751197
2020-06-06,20.979502912449025,45.28919647288075,325.04219826911543,0.8676667417074091,1,778.3070704806379,3.9628956086188523,20.33936634047594,4.487815708512197,29.27442261200982,2.3169525552399732
2020-01-07,17.597643907149237,20.0,306.8149947808253,14.366847014823058,3,1448.5938910978377,1.9213894296620762,23.925083930645894,2.8542686041698633,31.949479326225124,3.07000871175562
2020-06-04,10.0,20.0,240.40968596150634,14.140864786411683,5,659.0415861221067,1.1449610689346645,14.054513472867365,5.249738048074585,8.976008516235165,6.182115415294436
2020-01-22,10.0,20.0,213.55976523865834,11.777843147226125,4,500.0,24.69379595629908,17.107014104205547,2.699516381637874,5.0,10.572002869364113
2020-11-24,13.269968318104741,20.0,321.2288993302748,14.869918523463308,10,610.9971817143976,0.9519499393864769,26.950674595980868,7.75102676025982,85.87711529450019,6.3225504343267165
2020-10-06,15.080455839484024,143.2910155183376,66.7188646303372,8.167234992003944,15,679.4213149819449,0.5737284315664685,46.17066843549094,4.203022125140027,11.46045589597626,6.853879577212207
2020-06-22,10.0,20.0,28.4288983886983,14.44152525379809,0,1571.012818299248,7.374686571545143,10.0,1.6585806503466944,5.761513519421785,5.3226301272123955
2020-05-06,25.10760907490234,20.0,86.22366116743372,1.1340756092512616,4,5000.0,0.8234889030702676,14.952050517235033,25.923393587944453,18.482079269787093,2.4131033693387227
2020-01-11,10.0,20.690882264162177,286.0481803320685,5.48521122392057,2,535.9048162746384,0.6537075190080206,23.832424683872098,4.492132245055497,39.13905384246051,1.4762857290762859
2020-01-11,10.0,20.0,12.481296021533996,3.3807190201014876,3,722.9750368501972,0.3117959245212042,10.0,2.0789504915928747,11.90489242661682,1.0
2020-06-20,10.0,20.0,209.81046063005627,2.9374962620140503,1,1029.5498912121893,1.3173672545655422,80.23306449538595,6.244748468549194,43.75365568991281,1.946087156566213
2020-05-18,18.538089551622086,20.0,358.3575058288716,2.112044233390141,3,1629.1258289949064,2.401101196878215,12.081460600282849,7.911928567995483,35.981320849845496,7.9072063819763665
2020-05-22,10.113406940644465,20.0,308.0505937815142,9.33620462348995,1,1427.3156794320187,3.9143042177543106,19.432867827125555,1.2885702552010716,5.0,1.9280444952139424
2020-11-15,10.0,20.241959850939473,187.7204480556922,11.719827836209577,11,3960.3821176452907,11.324396337871663,31.33756938097028,10.294890118407078,6.210304287488534,5.053578788037009
2020-11-10,10.0,20.0,22.910727343191244,8.67447599130541,14,500.0,5.991530480984527,12.515553726844932,2.593069816824965,31.738712911378016,11.76563098355981
2020-11-15,10.0,20.0,299.29446517885555,2.204440643823145,11,500.0,2.0415139616472633,10.0,40.89585892686246,5.0,12.557178622191266
2020-11-02,16.340683884953503,20.0,215.6322629437958,12.166856549002064,10,667.8888904162892,2.019210281925165,14.254553199738247,12.477917874917468,10.491278645559097,1.8404786718058563
2020-11-20,10.0,20.0,41.37587894144406,9.539320607455927,9,3285.585625207355,5.842952320148715,45.76650285139238,4.953527801397318,5.0,22.24097561169436
2020-11-14,10.0,20.0,33.78862253640823,5.8224855919049325,12,500.0,18.335796542315393,15.340308377486423,3.507249912549896,7.564348313353743,26.00490607296267
2020-10-14,10.0,20.0,327.46565499717326,10.111954433040944,12,500.0,3.2853437843295588,10.204742455287043,6.652763235097648,9.035668496611567,1.7326383064283257
2020-05-05,10.0,20.0,240.91209465770822,3.898574688642493,3,1941.4286648682346,1.3448785595559123,42.12063518855869,13.637055294159547,8.514372535551157,1.6676171587019057
2020-11-02,10.0,20.907599633038252,298.543247754032,5.177883127413158,9,1399.2018189588352,0.6130559948462787,15.415601533453087,7.203059536697109,7.01281190216921,28.072036201749775
2020-05-18,10.0,20.0,316.4324041016162,13.762287646979853,4,500.0,0.31104804393798197,13.354739613665028,5.946728241028219,5.0,3.7575824098249857
2020-05-09,10.0,20.0,205.83804673739598,4.357567585071306,2,500.0,7.384657285477534,22.636527706777628,7.833193574877919,120.53151654432855,1.0
2020-02-03,14.623403670962741,20.0,186.28068663181486,7.049824022369049,4,500.0,6.468652290228407,37.2108418982952,4.0395813839210915,78.84327365273303,1.0
2020-10-09,10.0,20.0,154.95386771555647,13.35211706094022,9,1224.8030290939405,6.462687724298416,135.01296696063545,5.242476877286649,5.0,4.983944061971431
2020-11-08,10.0,20.0,114.10077160480294,10.615820254012911,13,586.2138904902364,2.2411986413018763,38.93092360588014,1.0,59.27079869849284,1.664981359320849
2020-01-27,74.41985357787941,20.0,156.45454590913624,0.9330483924705413,3,1797.3415202978504,22.43006213803864,50.79876143623201,19.564686477104267,8.170535974933237,2.7288805638626474
2020-06-27,10.0,20.0,278.5966760628563,2.2095456641845552,1,500.0,1.3149810542648357,13.399629278756427,9.962198501508848,13.86250167258316,4.659347684258034
2020-01-03,23.738611848884517,20.0,216.69243516544736,0.11762386157875226,2,500.0,11.39191457332072,10.0,3.4094267067253803,11.435539889149757,25.911982975112807
2020-10-23,37.378981624192456,20.0,321.30838438374457,9.463826853437451,9,500.0,2.564813220661245,21.112495726015066,49.339993598334175,6.2981211499164536,4.744188563227862
2020-06-23,10.0,20.0,159.61680517650757,6.715101381156275,5,848.6605827484287,1.091413726854407,21.883565738346192,8.060829609115787,32.585009248334764,16.23306415551737
2020-10-04,10.0,20.0,218.55224833875144,2.014122763534133,9,640.3098766941363,6.611400193297456,10.0,2.621787738507776,13.816817789543316,37.336720364177964
2020-05-28,10.0,20.0,227.27071911311594,14.369011815851557,3,2435.345172025571,5.025144340579293,17.457413067779942,17.404650166619614,7.564366303016336,25.057460391781557
2020-06-19,10.0,20.0,213.0109784302772,7.944895859184299,2,500.0,4.64345703234452,27.645254378998956,11.001682509481151,5.0,6.3072862457875205
2020-05-13,12.87615069347839,20.0,252.94815831078589,3.6283994116933376,3,1147.6727512216435,3.0707371079352987,26.79766390555902,10.963592224010151,5.0,1.0
2020-01-02,10.0,30.339037489046344,85.47604861493026,7.509053567320613,2,1916.6543580423256,2.5680847238187754,30.067061874759652,4.827092865953655,5.0,7.791160629761788
2020-01-23,10.0,20.076038411502175,184.45095991648463,10.194304991026616,5,5000.0,97.76415429020604,25.349823921356037,11.594092762347653,12.332321109621656,15.769534230486961
2020-06-13,10.0,120.14292416817747,37.520929011005165,1.1435882696034672,4,677.381093029243,16.06085536674474,13.388459072147082,5.687334641195569,5.0,4.066242984391378
2020-06-06,10.0,20.0,138.4240779521325,4.12055722571838,5,1516.9524048776975,8.03848266786632,13.314843941325673,12.883423069676565,9.341244500052,36.361140804934045
2020-11-28,10.0,20.0,175.5601447036552,12.104482363259905,10,500.0,3.2145865120558907,10.0,1.099719938461622,47.94726943462076,18.864189359180198
2020-10-26,16.377468280474893,20.0,234.80073343637008,6.894973056039919,11,500.0,12.313987370841778,83.74864833975036,4.788065832221076,40.41898389221384,13.295068283249119
2020-11-18,21.084347456949622,32.76528065933338,342.1911789310333,8.198657130484424,10,2552.3617239542345,5.912047183513114,20.302830131911765,41.35341880792206,11.795559014126773,24.757338783196747
2020-10-17,10.418870045719228,20.0,216.2343839574081,6.492240033142039,9,1090.5524768971259,2.8272574113395508,16.7788229968558,3.4312771698567803,11.166467049699865,10.029281152064229
2020-11-16,10.0,20.0,267.69380982356154,0.6584991396450768,11,3563.5506122385455,1.7240109299526425,10.0,4.039664736468232,79.82801830578143,1.5
2020-05-24,10.0,40.76440639850183,182.255781418273,2.486246697302339,1,500.0,2.407584574109582,150.0,4.7210850731198235,20.506791426108396,2.462145829744003
2020-06-16,10.0,20.0,228.27745129547927,6.6831245811283635,7,1844.386792660762,0.1,10.0,2.1928320109581128,8.777516774371746,18.851672423630788
2020-01-06,78.05208537332086,29.33095695779804,25.535597808158435,3.137781981118917,6,5000.0,3.7281094636020176,14.252347920814818,1.0,5.0,1.7004456978090288
2020-10-22,18.87500012139561,26.106867460027292,91.58096910306492,0.749685429895181,11,1668.5422305461275,1.3064138703319026,28.01302187498548,5.867411710827162,18.0631367557494,5.141259569218773
2020-10-15,10.0,20.0,130.26711355384992,12.654744960777355,12,1446.0362992090065,29.636449251673884,32.46525279408858,8.464317820412674,27.919455417019385,1.9187262058652248
2020-01-03,10.0,20.0,170.0976078023449,14.717887937461738,1,1106.0562954414002,2.798311238777429,43.22182794616882,7.011102271861152,6.477589662384312,38.11878153106135
2020-11-12,10.0,20.0,16.433548380858145,11.897143109951092,9,500.0,0.45682946059311613,85.29252392916352,6.392474493137886,16.300613662953957,50.56481896021199
2020-10-20,13.247387671896815,20.0,50.40867511919436,12.806773825570005,10,4253.8210803107195,2.522321654360629,30.112071093480093,7.714030941412463,8.469120829317259,2.3275644814183356
2020-05-08,12.724116156684893,28.878582377570943,99.65315080487008,3.6296569547556805,3,595.3457684445037,0.5659884385409042,10.0,20.54959990789989,10.134724543534784,5.348186868947783
2020-06-07,21.83708462074975,20.0,349.7517687243782,14.409404632697996,3,1816.1665297897916,5.529575909692911,16.35353202329406,6.107721644714369,5.0,1.9806144853257102
2020-01-03,10.0,20.0,119.28492255709827,2.953885566801426,1,500.0,4.205617142002191,25.694215738050733,4.161674107105337,9.75927969816346,9.373940637806305
2020-06-07,10.0,20.0,173.5347809203497,14.271447155427484,4,500.0,11.435921917572482,105.06517093658903,5.578246697562277,32.116480269004654,8.261611725827217
2020-10-19,10.0,20.0,70.59517658582146,14.922289409489265,9,4605.87250234908,0.8300057192589104,10.0,13.188520073064032,6.479202581837306,17.805578267972106
2020-10-03,10.0,20.0,219.88082558727658,10.67584208619073,11,774.8718888986754,2.860544937708897,52.565562719347255,30.326650444012085,12.83950014793265,10.011828513811102
2020-01-19,17.887476597380672,20.0,101.04595758575076,14.71715597687733,3,4690.410930485907,0.35080221893774777,23.194878398987075,3.942662517046487,5.720460409410102,60.0
2020-05-16,10.0,95.63688926642983,74.51732823783364,8.543096693506556,1,1014.1127192500579,7.78533762409556,39.262286542885406,8.157467676325508,17.469240982493687,1.3053764700743882
2020-02-28,10.0,20.0,185.96614624055246,3.893126747641355,2,500.0,5.919824307451606,18.511723363180653,10.364198775509076,9.81073115562287,1.0
2020-01-20,10.0,20.0,1.9820876977514956,6.554938284984313,4,2675.971041778803,5.7185057087941065,10.23746362335808,2.738531953085305,5.0,2.7962850241902575
2020-02-03,14.801981113714914,39.18201034996679,2.759051753721118,8.90341403068179,2,607.9591439419344,2.724891326224585,36.6237971149867,7.541470331697421,46.180215371959,1.0
2020-11-21,10.0,20.0,78.8647712766688,1.096223430405225,8,2205.454333328144,5.064013426410201,33.904400753024085,1.7062980532950822,30.84368451565639,1.5
2020-02-26,10.0,20.0,13.219690500295611,9.335148969258691,4,1124.6316823198254,30.159762319722418,43.713001394092856,1.25979586541236,6.6531686910298315,1.3477309693825095
2020-05-07,10.0,20.0,38.889271487048894,14.717667551434419,0,500.0,1.7724426339885775,19.872886031671513,10.66264389220234,20.04116301909685,1.481971526026823
2020-11-02,24.670990456525473,20.0,121.98983376195058,2.8516147467559145,10,1292.4497989669057,3.346676539246335,12.43036638986105,5.03354878231041,20.851210473037046,2.1381124043819817
2020-02-25,10.413833338553601,20.0,288.9308446487326,11.88892674432575,5,5000.0,0.533023668947065,10.0,9.045617693050984,23.157095508356928,8.34667069786313
2020-11-16,27.767736905769933,20.0,205.9375116129483,13.61848190669429,9,1795.4059987859073,0.7390487132607919,38.68680610980365,7.25800518367105,5.0,3.6621054252002176
2020-02-24,10.0,20.0,184.56038134430992,14.155523892303313,5,1035.3369900895138,3.1478508169339525,28.194067570003366,2.783196121559529,33.334954829859036,3.6131591850155718
2020-05-11,10.0,38.18055881576131,105.6559763549238,14.402034066081708,4,3214.2309523869594,14.23779886647952,10.0,7.062122883608225,6.891584551794036,13.106120428753998
2020-02-20,11.734679912813812,20.0,335.4313389958139,7.821894580822079,4,1353.7969311129818,1.85072742335957,13.054606517937511,2.1530785355584308,8.51791903728636,1.7867761638297046
2020-02-18,10.0,20.0,142.925414845389,14.659618619872555,3,1352.2622778248367,1.9081328644007325,13.82658171237058,29.694812225258268,170.3545327592057,3.26266687757203
2020-02-06,10.029736399050186,20.0,31.353396046477737,11.359653107016584,6,500.0,1.4764966203567869,10.0,1.904138461574039,16.475482730049002,6.951183850772926
2020-01-05,18.783834682835185,20.0,222.14394580240847,2.4250715435544286,2,1385.5438676840902,1.2187978373681938,10.442187411852695,6.075198897570116,8.278630238281279,1.0
2020-01-11,11.264823704445522,30.610699447384224,40.98182165157651,7.15350159701955,4,3088.5080340667887,4.2310795935815,10.0,2.6057705081552047,5.0,1.0
2020-01-25,11.08527435794445,49.92730287884678,124.28033140860916,10.77496763058006,2,500.0,0.2876857708988072,14.44021164899164,13.07132857714232,48.899351466365,6.789252142967303
2020-05-18,15.104716012998276,41.0372066272292,182.6682979384112,3.71010473728625,5,4557.346481804166,18.56743732437277,11.123299932696169,5.304569552006013,5.0,8.088288382474632
2020-11-11,12.211970169959836,20.0,314.7201088866633,9.609227753233311,11,1000.5388419959551,1.0018682958998546,10.0,4.398806615466514,5.0,80.04022092795549
2020-10-18,17.41698590909114,27.09906576036491,177.67676892244273,9.999007185699288,11,500.0,8.027356157926517,101.29855883550754,17.343218146535854,8.746448225805981,8.126895222330493
2020-02-21,20.25741348902865,20.0,252.81315577139912,2.4404961571284884,3,2973.907658436644,0.4045427362233024,54.70923826416684,7.609752068746966,50.21992155495753,11.985381043045228
2020-02-25,34.181644902636585,20.0,357.41406203966534,8.476279686791344,1,823.2054164613439,7.413185180125893,10.770215096449146,12.386961728736804,26.3967259829878,3.544626616706669
2020-05-06,10.0,20.0,47.336083163273386,11.574403664679116,3,2343.7673385814464,7.447786779823585,24.976543322569672,2.7695201204670843,10.403710175369879,6.402398372711189
2020-02-03,11.947978577934855,20.0,98.90334918702703,7.483434968039129,6,819.1288256354273,4.837040699501835,28.049535492713833,1.8133628616630066,16.581573747671232,33.13891296289646
2020-01-07,10.0,20.0,142.0473872151527,0.18154675164161138,3,1032.9497843535905,0.6116208083483355,52.084566882856535,8.225244001441222,6.683316237685443,1.0
2020-10-22,10.0,68.17845498883587,151.8581442739793,0.13557703618938266,9,1796.4364010388385,3.952397213789979,10.434482834835775,5.371749487156732,14.008351529312575,11.043086954350958
2020-06-03,10.0,20.0,147.96758709559649,5.355440159550183,3,1466.8859883793648,0.46089534592631864,48.119400239881436,13.824393442061119,13.109494579945938,58.13129017360221
2020-02-14,12.121194326316377,20.0,326.73996092035975,13.89291102647673,3,500.0,1.8605183233197027,12.95751277030576,6.8215829384612805,32.097235203080636,6.286730002097107
2020-01-12,11.226224951827852,20.0,257.0517520080683,3.4301516940541315,2,500.0,12.732014540119636,10.0,9.070934939409456,32.046184324419706,32.48204762277233
2020-06-12,11.027719187431213,20.0,218.84587707265334,9.515455333075307,3,2777.787384118548,8.980476027078781,35.84876966366641,1.4573467239747773,19.964932951462625,2.106326469734046
2020-10-17,10.0,20.0,111.37417843060155,3.331138060399809,8,960.8933369649566,2.7808994368503486,56.40776009058507,48.834495571963245,8.479508111939428,6.468913173987231
2020-06-12,10.0,44.648080873715585,296.5645383196661,4.825049844893229,8,649.5427782047863,0.6298901348794989,150.0,6.269885011280512,25.58029412665558,4.665661583873066
2020-01-20,16.739190319420373,20.0,343.82178413459604,12.720631344022259,1,500.0,7.159080624018394,10.0,14.843869776249964,11.112065875963918,1.0
2020-11-16,10.0,20.0,295.63138171808157,10.932921634049203,9,500.0,2.7984672498995673,35.132820412385996,3.2024249822893154,5.0,1.654752936639491
2020-11-26,10.0,24.05313590941602,0.5634378689302455,1.4309891596981594,11,500.0,0.1,14.471178836752092,10.054395501443569,8.139365333270758,1.8025728633360767
2020-06-24,10.0,38.77651741026875,229.10449326602654,6.4305303147965045,2,991.0047042569282,8.792901422914651,37.588079607649604,2.0080321978268496,13.257016822714306,12.018886573246494
2020-05-24,15.694404837795386,20.0,18.40873731915626,0.437546454678967,2,602.7861072275305,2.6212485477269034,10.0,11.612334338646836,30.271775709385558,12.763425867832531
2020-06-17,10.0,20.0,92.73859932013987,7.213352199045135,3,500.0,16.505222929084816,10.0,5.175965623273137,10.139836034278966,6.611719335080253
2020-02-12,32.954695201034,20.0,21.428892125197805,9.936510175516021,4,1024.4145675906186,0.5257624531330225,10.797343605975819,7.607925279859299,5.0,12.048298856386415
2020-02-23,10.0,20.0,217.3663630617796,1.7775393539722733,3,1578.090152842404,0.1,21.395299246805113,14.849616353444421,12.893736918773701,3.6803972868388355
2020-11-17,10.0,20.0,247.17236885733845,4.333274083637485,15,5000.0,4.131439062306274,12.026769858831884,2.1542867381214954,13.646131024926701,28.439616250878224
2020-05-09,10.0,29.358807545504288,41.21554970372584,5.967549382532354,3,500.0,4.2095069003333005,34.03003357462443,3.726644643355429,14.670484657096852,4.5292036582396635
2020-01-05,12.6546198596305,22.35681286499113,138.18199789619263,13.792965369840747,3,3496.0220476812574,0.21523874148490427,45.67338278386386,11.673534617154974,30.565487591249035,4.803942125092376
2020-02-09,10.0,45.20279342280751,164.24514322399511,14.89882523134446,3,2901.8436664219385,0.6264105333212906,32.448753614445806,60.23306623623655,33.748070323700674,3.2585712749106386
2020-11-05,24.753872566454685,20.0,132.85908783392998,0.6736694849342378,13,503.1595218234434,100.0,73.33442263801606,6.436067167787631,6.724712190486007,15.283987034393036
2020-10-25,10.0,20.0,43.5690001746695,11.415118852430881,13,1343.7721219487337,1.7187273063532662,28.01279313658163,13.344924401689184,6.578827526191511,4.055307545316524
2020-11-26,10.0,20.0,150.82120446749116,5.575860996035148,12,693.9269882088198,8.137137539651256,10.0,6.639446025687385,5.0,21.69719003627648
2020-02-04,11.117410003920616,20.0,270.4240972110305,5.8868727934422,4,1320.3981256139114,1.0243008260850417,59.7817966536165,51.53419638326356,24.503492790827494,1.1519095356870694
2020-02-04,10.0,23.142886094070644,25.562759231971967,11.31397460020534,2,4959.85117091338,0.11819087835331651,12.377434439796074,1.2875978272955864,51.87412486507487,1.198775350366942
2020-11-28,10.0,41.45577047561848,28.864805069485243,13.776396482181129,14,2009.4297063916508,2.10562562037504,41.60976185639903,8.122362374405137,8.889920190963434,15.33867189453761
2020-01-19,10.0,20.0,127.71766506095432,14.263928917538227,3,1823.6739026944217,1.8250240400372408,70.73831566293048,1.4542000657358323,9.569389738741522,4.029921683924405
2020-06-27,10.0,20.0,339.02125618281303,8.656838790574811,2,713.1492177290257,1.4920971923676152,28.943637621402377,1.0,52.81433007892244,2.5995290671856166
2020-02-20,10.0,52.227996894279016,240.68615282024905,5.356817389507542,6,500.0,2.2888253691692353,10.0,9.948900605117403,20.19748018309689,13.040622315884576
2020-11-20,19.394993409023474,73.64612847668784,244.32118440212332,11.813236287881688,12,890.2762336518583,4.04063722084988,10.0,8.495170250201163,18.844775332793706,3.243819232979976
2020-11-22,10.0,25.682279772277106,130.29119670163138,3.765020748934504,11,3665.0899421943022,2.170211380374866,57.86979502033004,5.557581670294391,5.0,5.286855274027227
2020-05-06,10.0,22.052570547004724,213.71788483507385,8.461110432502766,3,500.0,0.40819541866866754,17.54382176035951,6.644609403728197,24.01618719075924,24.02448551563637
2020-06-19,10.666438964099235,20.0,3.6472262499876162,5.3786769228730975,6,500.0,5.636578245536845,21.40573395486078,100.0,5.0,28.41652422783591
2020-10-11,10.0,20.0,228.9945767074352,9.849466105618141,12,1244.2245161488815,0.14601329015121833,36.857515007973454,5.707749780201056,5.0,44.36021283758992
2020-01-23,10.0,21.259861127182603,328.7833011274452,3.6059836934026035,2,500.0,0.12548912394903783,35.05990920071881,12.306460412151072,8.612618740438892,3.194559056050413
2020-10-22,10.0,20.0,220.5264486041349,2.8738941860223868,9,500.0,8.238108297776698,25.10431766595959,3.8598764700468853,6.781560763398412,29.43865462947923
2020-06-07,15.365482649128724,20.0,314.5314936478842,13.773586300131557,3,717.9510694098918,5.815521176635608,16.997483488724054,9.926744456826755,9.761053211476478,1.4351316780048402
2020-06-02,21.75990378476975,20.0,260.63029996779375,1.5270552442430536,4,500.0,2.494047648652132,15.640524078544722,5.82271312002362,5.0,1.5094065349084602
2020-06-06,10.0,20.0,43.40102990532849,7.589368616023975,5,500.0,0.3351514508827606,39.897715245273886,4.9012070782059896,31.77933724642304,1.0
2020-10-10,10.0,20.0,324.88319062290304,3.312791744445134,14,2215.9310146008183,0.9400084531825645,31.276143700788488,45.55400440792613,37.62566113151651,50.04421678763685
2020-06-13,10.0,21.746277052148248,23.91978396807896,0.5839494498850117,2,500.0,1.8328641973509325,16.348889908043823,23.97915624461205,5.0,1.589189568764449
2020-11-27,10.0,20.0,192.22829011719497,0.5402822743713959,12,500.0,0.24812045307151606,47.73619190744676,8.471830892944032,32.409701457084395,5.7755068131597715
2020-10-15,14.134750428641658,20.0,51.169364565644756,2.62832658158741,12,584.0432395811795,0.8971403285854833,18.115586637491187,1.0,5.416616563114886,2.254832966699843
2020-06-03,19.832240058367624,20.0,4.214379863125464,13.001555317590004,0,2280.056500379951,7.2318545238178364,10.16215230270323,5.149969419760487,28.70225057627138,10.321182099265515
2020-11-18,22.688386585875477,20.0,151.93233364595005,4.2371811596554,12,900.6152960424513,23.126012042337003,10.94435108912002,100.0,11.376541900392642,4.283218509732052
2020-05-15,27.40002222957939,20.0,106.21465475549624,14.256887558629435,5,689.1224123229345,1.4489626274010532,10.0,5.866970098421208,12.538144579385573,1.0
2020-06-27,10.0,20.0,174.96017776713708,8.724334394837904,2,1146.373542541593,8.454784815578401,16.152453969751157,22.269489817612147,10.123934274151477,7.614048874902297
2020-10-14,10.0,30.356183008759466,207.7919592244383,6.549212846531491,13,500.0,0.1539557422466378,53.891858737146464,31.247594647894704,40.940885296145815,1.5
2020-02-28,10.0,20.0,15.746066031221048,8.701332520041818,4,1798.4953070709998,7.309514543733079,10.54786906516133,9.19779623655538,5.0,1.6406838384999525
2020-06-10,13.919176620123222,20.0,44.28118624454843,7.750475778394017,5,1609.1076206167502,0.813896051420869,23.354288030417205,3.184127681436685,22.37267478942159,1.0
2020-02-27,10.0,28.150432071266625,201.11126272215313,11.381643806359877,2,728.284323278466,4.3103470592511295,11.877531706068037,1.0,36.646948521850064,1.0
2020-11-26,38.86666543070511,20.0,123.54024714215696,4.237440989592784,10,2998.671126842765,1.8745551400656446,16.309581659572483,14.645940654089975,24.93668669890268,8.328639452219868
2020-05-16,18.13581185004352,41.00653473259257,262.50245551780125,5.295755874004536,0,500.0,19.700046865012375,10.0,3.271484957182919,124.54896282854513,1.0
2020-01-26,10.0,20.0,234.82499349309828,13.41141453799876,4,3387.708432734431,0.73223522390383,16.836841244660427,8.812317439931736,7.1782328907570765,1.0
2020-05-23,10.0,29.62441582669876,304.41757067636644,14.196847697256082,1,1279.844244589666,6.9685658719064625,17.202172709407026,2.11738039187314,31.73133957363628,4.4689670666719
2020-06-16,10.0,25.392377574321046,249.2974176009211,13.388373412297117,2,783.246459944771,1.7873584525308324,30.945585486090824,5.66758136395223,10.956242275530627,2.3342058464599034
2020-02-25,10.0,20.0,154.77518786045331,6.291719909359704,3,1075.0542072418334,2.1437181678070454,24.013705518022043,7.642456285928367,41.821312430561726,48.932605976001
2020-02-12,10.0,20.14387767819043,242.26798406199566,11.705482545103225,2,985.0921934359786,2.0631195051541864,10.0,9.6657970897983,12.089182014064745,40.47465012207544
2020-10-17,19.115561762440702,20.0,99.13722273195067,7.145035999516482,10,3715.5533505794556,0.7645180400213731,47.81591793408555,2.4234152670616873,8.265780970830608,2.3725329810749587
2020-02-18,10.0,20.0,110.27285956015656,7.463097782191533,1,500.0,2.6613980066453813,23.765677837649363,24.45686488150327,44.97344497285902,8.745726159098435
2020-10-27,12.249704455419474,20.0,284.0346575714856,3.0702016358592594,11,511.5681237847774,2.4744735512191203,23.54032278057103,4.067811806801634,7.451669199959809,16.520535393307075
2020-11-05,10.0,20.0,160.7110259045696,8.866954548877747,12,3091.16367259885,3.903448419616256,19.93853152807356,1.3847651237898988,5.0,3.282123030737579
2020-01-02,10.0,27.458874857903854,287.4169225866069,2.792038466300219,6,604.5383233479389,3.08563576424721,13.273824883890082,6.625836181853536,7.265616242009911,1.0
2020-06-09,10.0,21.712985979483452,296.07205452058025,4.973470486007907,3,2698.7205716480225,8.997905467502948,23.90868714580488,7.647473325440633,22.624489970431352,4.4160333491199735
2020-10-18,14.99498094209659,20.0,308.72244155806214,12.825453024299026,10,5000.0,10.86191814925553,29.38460062172448,8.676250221245274,49.010705389619,5.4632852247627
2020-01-04,15.218930495555124,20.0,329.9886849028346,3.106137138162828,3,733.7768571474176,0.5621789953455646,10.0,28.850646556833375,13.614417959901733,2.656694294818628
2020-02-21,11.703980830084673,20.0,155.15467938478665,1.067374277601492,1,2167.5707004959645,10.005738224652676,13.052651981852593,5.833115001602222,45.52206107463374,7.620029505450187
2020-02-16,13.56529003688937,25.118725885067246,114.79205459560998,1.0351138891922447,2,500.0,0.4586331432535648,16.379694438081216,6.555998129898942,5.0,1.820524181789156
2020-01-16,10.0,121.56025739121927,209.591548773881,14.111767807546618,1,2332.5871562985717,6.565205648247241,24.65393406114312,2.451783254479311,7.820406499051487,1.1247974138974173
2020-02-25,10.208755790594843,35.71008218661247,133.62207243754594,7.603806569427519,3,1338.6594556680152,6.886811302171751,52.177366282697065,16.786139277834614,9.12871447913262,5.1084680483249025
2020-11-23,25.769761443659583,20.0,216.38670004808387,6.141181077255275,12,1759.945782500424,0.1545905395942663,10.83311176852818,8.884507806592454,10.863847923654234,10.682738549883084
2020-11-15,12.078228893962784,20.0,254.01091055177687,12.163178715118777,10,575.0332860845806,3.1251080850121036,13.4857088705212,4.854821198315744,13.251283136713832,1.6380248814044251
2020-01-27,10.0,74.54291715119822,247.82580665716927,12.53738891865774,2,500.0,1.3461596433665528,13.329407858456621,1.1000166395290831,24.310563246474672,13.649579744240732
2020-10-24,10.0,22.726891181333674,134.83903932724368,4.982865496734069,11,1813.9318566909449,0.8709698771832424,10.57801645168613,31.3248651233907,7.808346001373828,1.5
2020-10-15,10.750776003491989,20.0,60.06967261155101,10.404270862106928,10,500.0,20.620350903004624,15.214528655140539,2.164782805299055,13.999599008472899,3.3592877006577915
2020-01-25,10.0,29.970952389404562,154.9905618463947,11.5668422377783,2,798.4317631875617,1.0196722876387243,37.212390210206095,4.090724078240621,11.645002402825405,3.2883626185593657
2020-10-03,10.0,20.0,51.33389186948715,9.819760302989318,11,2810.6803948588877,0.8109366075724933,10.0,10.57343275461583,5.0,3.1330176731643493
2020-10-14,10.0,20.0,320.434932666171,2.2739261220014906,9,1328.6221886581043,3.045126397058679,28.28273410381467,2.233214598318104,10.873550828203859,3.412320436707335
2020-11-27,10.0,20.0,124.51588586562866,13.138246252755856,14,5000.0,7.601796640710132,10.0,1.659456637116244,10.552264380378357,63.48187847841918
2020-10-15,10.0,20.0,55.605509000396566,8.08641829104013,10,3056.754932245788,2.19795442494993,12.819014838209236,1.0,10.328627769920772,2.421541210407088
2020-05-28,10.0,27.895196783115555,9.161193566070317,4.2370863955500555,2,570.26525468232,15.635685259449865,15.431464275415832,15.195463857807832,12.57561292792739,60.0
2020-06-25,12.996772566664287,20.0,232.49605906313434,6.378422781565408,2,1126.9987217704684,6.0282906300383114,76.69892850526622,4.28368557745517,13.140164613129048,7.572718634543674
2020-02-20,10.0,44.16720183934225,229.28483428370757,0.5635663559836107,4,1045.896088022674,0.10358974095436274,16.12157047269999,100.0,7.906655086818268,5.005143905864849
2020-05-08,20.000399266532586,20.0,122.617499969265,1.9180020183362634,1,500.0,1.2285069309221914,10.0,2.733669741996821,43.49799016706489,7.93662739799859
2020-10-04,10.0,20.0,25.816279985154363,11.483201257737912,10,500.0,1.170272761319852,10.0,2.940409850513174,5.0,90.0
2020-11-16,10.0,20.0,147.46640216228352,0.0001745213304921167,12,625.930343797622,5.579177868500583,20.639849916042277,4.197994997314209,5.924106604077016,2.0404155812145572
2020-01-24,10.0,25.02404820899489,112.0382982228217,6.248487427234383,3,500.0,0.1,32.819297625710604,9.422822339621215,196.36273237502866,1.1682401805237648
2020-10-15,10.0,51.75411448526334,243.76343030460336,7.837652716283826,11,1149.9726842529176,100.0,27.122528326410244,4.617237863301008,5.0,2.7172644904826493
2020-11-12,87.55607649085948,20.0,218.08052980296853,0.8195163000145844,11,854.8518297210526,6.0287466838283175,22.966946753518542,13.630803761546176,5.0,6.986899422127545
2020-06-16,10.0,20.0,131.2537421511144,14.596172444584992,6,500.0,3.398435592482952,50.89718807907986,2.7771121977503928,25.393081245286453,1.0
2020-10-14,20.56357943497433,20.0,78.44131953179644,3.391879968745079,11,1642.8911503212603,15.996206088099362,13.043983896973087,1.8559715053707302,5.0,6.905182352611704
2020-01-19,10.0,52.18581136406141,355.6929478160131,4.562980794544213,3,2243.680203530098,91.42153644625927,41.09672541887767,1.2235852279288992,9.62848690129887,34.201057344496725
2020-11-27,10.720216926224207,20.0,163.44058363060134,4.55913768382541,9,1376.1354881413183,10.035411289233446,10.0,1.0,104.14924568276582,8.061938020895731
2020-11-07,11.9278042210137,20.0,247.77872488088533,3.4562499317602486,10,793.0861269795982,11.28212533683019,10.0,4.401436568706902,5.0,4.7315013265787975
2020-11-04,10.0,20.0,50.59906832820988,0.02210733129467124,12,1981.1686002848605,3.306978844186377,10.0,5.4685838426655895,5.0,3.2016700672719822
2020-06-20,10.0,20.0,174.81229187738322,10.940171911319945,3,2165.0968210517235,2.1983594330873535,16.121015952870778,3.929699549763454,5.0,13.173589705365535
2020-10-16,10.0,20.0,9.913219153007574,14.50268249698928,11,1491.3001013352575,1.3315009423305764,19.355778902627083,25.62083268194116,29.914986284124936,2.495441781400238
2020-06-26,10.0,20.0,181.96384244776198,3.3644022492756758,2,500.0,0.7872826175683213,22.005252916320583,25.229910356838154,37.51634557419004,41.086315288960634
2020-02-24,81.61607840484675,21.956362204932937,347.04626656237286,9.945707877051337,3,1446.0641500208394,0.9699399180582176,21.104930418517775,5.2867146963408835,7.296619823346768,45.605653872080474
2020-02-06,10.0,20.0,138.3144166748881,11.128444904380727,1,3624.532707942017,0.3584973730750579,10.0,1.2288501402368854,24.124125648066222,6.0988544495886385
2020-10-11,12.489506086801617,20.0,14.038564526968171,12.72638068635787,10,603.8772455216348,2.425876309784467,17.249916872313307,4.192490261796912,48.92337641313554,6.630279780091188
2020-06-08,43.88730465413596,52.310429078391415,11.14408473096367,6.339437955204136,2,5000.0,0.2171859530622262,10.0,4.055924314910844,72.77310240192473,15.437378901032092
